"My Column 00","My Column 01","My Column 02","My Column 03","My Column 04","My Column 05","My Column 06","My Column 07","My Column 08","My Column 09","My Column 10","My Column 11","My Column 12","My Column 13","My Column 14","My Column 15"
"Item 00",Data,Data,Data,Data,Data,Data,Data,Data,Data,Data,Data,Data,Data,Data,Data
"Item 01",Data,Data,Data,Data,Data,Data,Data,Data,Data,Data,Data,Data,Data,Data,Data
"Item 02",Data,Data,Data,Data,Data,Data,Data,Data,Data,Data,Data,Data,Data,Data,Data
"Item 03",Data,Data,Data,Data,Data,Data,Data,Data,Data,Data,Data,Data,Data,Data,Data
"Item 04",Data,Data,Data,Data,Data,Data,Data,Data,Data,Data,Data,Data,Data,Data,Data
"Item 05",Data,Data,Data,Data,Data,Data,Data,Data,Data,Data,Data,Data,Data,Data,Data
"Item 06",Data,Data,Data,Data,Data,Data,Data,Data,Data,Data,Data,Data,Data,Data,Data
"Item 07",Data,Data,Data,Data,Data,Data,Data,Data,Data,Data,Data,Data,Data,Data,Data
"Item 08",Data,Data,Data,Data,Data,Data,Data,Data,Data,Data,Data,Data,Data,Data,Data
"Item 09",Data,Data,Data,Data,Data,Data,Data,Data,Data,Data,Data,Data,Data,Data,Data
"Item 10",Data,Data,Data,Data,Data,Data,Data,Data,Data,Data,Data,Data,Data,Data,Data
"Item 11",Data,Data,Data,Data,Data,Data,Data,Data,Data,Data,Data,Data,Data,Data,Data
"Item 12",Data,Data,Data,Data,Data,Data,Data,Data,Data,Data,Data,Data,Data,Data,Data
"Item 13",Data,Data,Data,Data,Data,Data,Data,Data,Data,Data,Data,Data,Data,Data,Data
"Item 14",Data,Data,Data,Data,Data,Data,Data,Data,Data,Data,Data,Data,Data,Data,Data
"Item 15",Data,Data,Data,Data,Data,Data,Data,Data,Data,Data,Data,Data,Data,Data,Data
"Item 16",Data,Data,Data,Data,Data,Data,Data,Data,Data,Data,Data,Data,Data,Data,Data
"Item 17",Data,Data,Data,Data,Data,Data,Data,Data,Data,Data,Data,Data,Data,Data,Data
"Item 18",Data,Data,Data,Data,Data,Data,Data,Data,Data,Data,Data,Data,Data,Data,Data
"Item 19",Data,Data,Data,Data,Data,Data,Data,Data,Data,Data,Data,Data,Data,Data,Data
"Item 20",Data,Data,Data,Data,Data,Data,Data,Data,Data,Data,Data,Data,Data,Data,Data
"Item 21",Data,Data,Data,Data,Data,Data,Data,Data,Data,Data,Data,Data,Data,Data,Data
"Item 22",Data,Data,Data,Data,Data,Data,Data,Data,Data,Data,Data,Data,Data,Data,Data
"Item 23",Data,Data,Data,Data,Data,Data,Data,Data,Data,Data,Data,Data,Data,Data,Data
"Item 24",Data,Data,Data,Data,Data,Data,Data,Data,Data,Data,Data,Data,Data,Data,Data
"Item 25",Data,Data,Data,Data,Data,Data,Data,Data,Data,Data,Data,Data,Data,Data,Data
