Column00,Column01,Column02,Column03,Column04
Item 00,Item 00,Item 00,Item 00,Item 00
Item 01,Item 01,Item 01,Item 01,Item 01
Item 02,Item 02,Item 02,Item 02,Item 02
Item 03,Item 03,Item 03,Item 03,Item 03
Item 04,Item 04,Item 04,Item 04,Item 04
Item 05,Item 05,Item 05,Item 05,Item 05
Item 06,Item 06,Item 06,Item 06,Item 06
Item 07,Item 07,Item 07,Item 07,Item 07
Item 08,Item 08,Item 08,Item 08,Item 08
Item 09,Item 09,Item 09,Item 09,Item 09
Item 10,Item 10,Item 10,Item 10,Item 10
Item 11,Item 11,Item 11,Item 11,Item 11
Item 12,Item 12,Item 12,Item 12,Item 12
Item 13,Item 13,Item 13,Item 13,Item 13
Item 14,Item 14,Item 14,Item 14,Item 14
Item 15,Item 15,Item 15,Item 15,Item 15
Item 16,Item 16,Item 16,Item 16,Item 16
Item 17,Item 17,Item 17,Item 17,Item 17
Item 18,Item 18,Item 18,Item 18,Item 18
Item 19,Item 19,Item 19,Item 19,Item 19
Item 20,Item 20,Item 20,Item 20,Item 20
Item 21,Item 21,Item 21,Item 21,Item 21
Item 22,Item 22,Item 22,Item 22,Item 22
Item 23,Item 23,Item 23,Item 23,Item 23
Item 24,Item 24,Item 24,Item 24,Item 24
Item 25,Item 25,Item 25,Item 25,Item 25
